Compound.Name	DTXSID	Calibration	Clint	Clint.pValue	Fit	AIC	AIC.Null	Clint.1	Clint.10	AIC.Sat	Sat.pValue
Umbelliferone	DTXSID5052626	All Data	81.1	0.773	0, 1, 10 uM	948	949	81	81	950	1
Verapamil	DTXSID9041152	All Data	12.1	2.97e-09	0, 1, 10 uM	7780	7800	12.1	12.1	7780	1
Bis(4-hydroxyphenyl)methane	DTXSID9022445	All Data	21.2	1.36e-47	0, 1, 10 uM	-242	-134	25.2	21.2	-241	1
FD&C Green No. 3	DTXSID3020673	All Data	0	1	0, 1, 10 uM	-202	-204	0	0	-200	1
Bensulfuron-methyl	DTXSID7024164	All Data	0.769	0.00823	0, 1, 10 uM	29.9	34.7	0	0	38.7	1
4-Nitrophenol	DTXSID0021834	All Data	0	1	0, 1, 10 uM	838	836	0	0	840	1
Acifluorfen	DTXSID0020022	All Data	0	1	0, 1, 10 uM	-146	-148	0	0	-144	1
Phenol Red sodium salt	DTXSID2044420	All Data	0	1	0, 1, 10 uM	865	863	0	0	867	1
3-Phenoxybenzoic acid	DTXSID1038321	All Data	0	1	0, 1, 10 uM	-385	-387	0	0	-383	1
Tris(2-chloroethyl) phosphate	DTXSID5021411	All Data	0.341	0.14	0, 1, 10 uM	139	141	0.949	0.949	134	0.00731
Clotrimazole	DTXSID7029871	All Data	6.05	9.63e-08	0, 1, 10 uM	321	337	22.8	5.77	321	1
4-Chloroanulline	DTXSID9020295	All Data	4.41	1	0, 1, 10 uM	801	799	4.38	4.38	803	1
Isopropalin	DTXSID8024157	All Data	14.1	2.03e-33	0, 1, 10 uM	180	255	134	13.8	165	3.12e-07
Chlorhexidine diacetate	DTXSID7032345	All Data	2.36	0.000468	0, 1, 10 uM	65.4	73	2.36	2.34	67.4	1
Diflubenzuron	DTXSID1024049	All Data	4.76	1	0, 1, 10 uM	621	619	4.78	4.78	623	1
Chloramben	DTXSID2020262	All Data	0	1	0, 1, 10 uM	37.6	35.6	0	0	39.6	1
Sulfluramid	DTXSID1032646	All Data	3.57	1	0, 1, 10 uM	1370	1370	44.1	3.29	1370	1
Catechol	DTXSID3020257	All Data	27.2	3.6e-36	0, 1, 10 uM	-211	-129	34.7	27.1	-210	1
Apigenin	DTXSID6022391	All Data	35.2	5.47e-39	0, 1, 10 uM	12.7	101	153	34.8	9.93	0.0655
Dexamethasone sodium phosphate	DTXSID3047429	All Data	12.7	3.14e-22	0, 1, 10 uM	-115	-65.9	16.6	12.6	-113	1
FD&C Yellow 6	DTXSID6021456	All Data	6.43	0.000473	0, 1, 10 uM	-195	-188	1020	1020	-95	1
Nitrofurazone	DTXSID5020944	All Data	3.39	0.000155	0, 1, 10 uM	-143	-134	4.45	3.18	-141	1
Acibenzolar-S-methyl	DTXSID1032519	All Data	2100	3.27e-53	0, 1, 10 uM	191	312	2110	2110	193	1
Triglycidyl isocyanurate	DTXSID4026262	All Data	101	1.93e-65	0, 1, 10 uM	102	251	261	100	103	1
FR900409	DTXSID2048167	All Data	25.4	6.56e-05	0, 1, 10 uM	-103	-92.9	25.4	25.4	-101	1
Sodium saccharin hydrate	DTXSID7021992	All Data	4.51	0.00107	0, 1, 10 uM	-74.5	-67.7	5.19	4.37	-72.7	1
1-(Hydroxymethyl)-5,5-dimethylhydantoin	DTXSID6035152	All Data	13.5	1.13e-25	0, 1, 10 uM	-241	-183	1030	1030	-99.4	1
Isoproterenol hydrochloride	DTXSID6025486	All Data	4.25	1	0, 1, 10 uM	348	346	4.44	4.38	350	1
6-Thioguanine	DTXSID6023652	All Data	5.61	0.00462	0, 1, 10 uM	-60	-54.6	6.33	5.56	-58.1	1
Famoxadone	DTXSID8034588	All Data	11.1	8.63e-15	0, 1, 10 uM	86.2	119	11.5	11.1	88.2	1
Docusate sodium	DTXSID8022959	All Data	23.8	1.12e-33	0, 1, 10 uM	25	101	24.5	23.8	27	1
Aspirin	DTXSID5020108	All Data	9.46	2.74e-10	0, 1, 10 uM	-188	-166	12.5	9.33	-185	1
Nitrofurantoin	DTXSID7020972	All Data	0	1	0, 1, 10 uM	-6.38	-8.38	0	0	-4.38	1
Pravastatin sodium	DTXSID6047525	All Data	0	1	0, 1, 10 uM	43.4	41.4	0	0	45.4	1
Nilutamide	DTXSID3034165	All Data	0	1	0, 1, 10 uM	101	99.1	0	0	103	1
Fomesafen	DTXSID7024112	All Data	0	1	0, 1, 10 uM	45.1	43.1	0.408	0.386	46.9	1
Hydrochlorothiazide	DTXSID2020713	All Data	2.71	0.0286	0, 1, 10 uM	45.6	49.1	2.76	2.7	47.6	1
Raloxifene hydrochloride	DTXSID1034181	All Data	28.1	9.37e-36	0, 1, 10 uM	128	209	72.3	27.8	128	1
2-Amino-5-azotoluene	DTXSID1020069	All Data	6.56	4.41e-15	0, 1, 10 uM	-59.1	-26.1	7	6.6	-57.1	1
Methimazole	DTXSID4020820	All Data	0	1	0, 1, 10 uM	-237	-239	0	0	-235	1
6-Methyl-2-thiouracil	DTXSID2020890	All Data	0	1	0, 1, 10 uM	-202	-204	0	0	-200	1
4-Nitrosodiphenylamine	DTXSID1021031	All Data	1720	2.24e-06	0, 1, 10 uM	29.5	42.5	934	912	31.5	1
Sulfaquinoxaline	DTXSID8042424	All Data	0	1	0, 1, 10 uM	-116	-118	0.391	0.346	-115	1
C.I. Solvent Yellow 14	DTXSID4021135	All Data	3.94	0.000249	0, 1, 10 uM	-16.1	-7.79	3.98	3.92	-14.1	1
Enterolactone	DTXSID0048183	All Data	44	9.63e-57	0, 1, 10 uM	-117	11.8	50	44	-117	1
Oleyl sarcosine	DTXSID5042243	All Data	31	2.4e-39	0, 1, 10 uM	-37.9	51	33	31	-36.3	1
Auramine hydrochloride	DTXSID9020114	All Data	8.31	1.97e-17	0, 1, 10 uM	223	261	9.81	8.26	225	1
Chlorophacinone	DTXSID2032348	All Data	0	1	0, 1, 10 uM	-60.5	-62.5	0	0	-58.5	1
4-Propylanilline	DTXSID5048180	All Data	14.9	0.0339	0, 1, 10 uM	481	484	15.7	14.9	483	1
Laurocapram	DTXSID0042086	All Data	27.9	1.68e-11	0, 1, 10 uM	209	234	55.9	27.6	211	1
3,3'-Dimethylbenzidine dihydrochloride	DTXSID6020511	All Data	9.94	4.39e-25	0, 1, 10 uM	70.7	127	11.4	9.87	71.7	1
Fluorescein	DTXSID0038887	All Data	0	1	0, 1, 10 uM	114	112	0	0	116	1
Triphenylphosphine oxide	DTXSID2022121	All Data	0	1	0, 1, 10 uM	362	360	0	0	364	1
2-Mercaptobenzimidazole	DTXSID9025536	All Data	0	1	0, 1, 10 uM	-53.4	-55.4	0	0	-51.4	1
Cyclophosphamide monohydrate	DTXSID6024888	All Data	0	1	0, 1, 10 uM	-117	-119	0	0	-115	1
Monotridecyl phosphate	DTXSID0042169	All Data	20.2	3.46e-36	0, 1, 10 uM	-109	-27.3	22	20.2	-107	1
Resveratrol	DTXSID4031980	All Data	26.5	7.41e-29	0, 1, 10 uM	-150	-84.8	194	26.2	-152	0.113
Nootkatone	DTXSID8047050	All Data	80.6	5.29e-69	0, 1, 10 uM	33.4	191	195	79.9	26.7	0.00121
C.I. Basic Red 9 monohydrochloride	DTXSID1021247	All Data	0	1	0, 1, 10 uM	254	252	0	0	256	1
(-)-Epigallocatechin gallate	DTXSID1029889	All Data	1050	1	0, 1, 10 uM	-286	-336	1050	1050	-284	1
Sodium 2-mercaptobenzothiolate	DTXSID1026035	All Data	26.7	4.06e-55	0, 1, 10 uM	-148	-22.5	59.5	26.4	-152	0.0148
2-Chloro-N-phenylacetamide	DTXSID3041409	All Data	37.5	5.15e-71	0, 1, 10 uM	-234	-71.9	50.6	37.3	-231	1
N-Phenyl-1-naphthylamine	DTXSID2025892	All Data	9.34	0.000654	0, 1, 10 uM	48.1	55.4	9.54	9.47	50.1	1
Fenuron	DTXSID7037551	All Data	3.4	1.15e-17	0, 1, 10 uM	-9.43	29.6	3.57	3.38	-7.24	1
Tributyltetradecylphosphonium chloride	DTXSID9034997	All Data	0	1	0, 1, 10 uM	-64.8	-66.8	0	0	-62.8	1
Methylene blue	DTXSID0023296	All Data	7.16	5.06e-36	0, 1, 10 uM	-107	-25.3	8.56	7.09	-104	1
4-Butylaniline	DTXSID8021856	All Data	7.01	2e-19	0, 1, 10 uM	-179	-136	17.8	6.76	-179	0.673
4-tert-Butylaniline	DTXSID0048181	All Data	8.97	5.32e-42	0, 1, 10 uM	-198	-102	12.5	8.87	-198	0.749
4-Butyloxyaniline	DTXSID4048199	All Data	12.2	1.17e-44	0, 1, 10 uM	-104	-2.42	14.4	12.1	-105	0.251
3,5-Dichloroaniline	DTXSID7030307	All Data	31.4	2.57e-55	0, 1, 10 uM	71.1	197	32.4	31.4	72.5	1
4-Ethoxyaniline	DTXSID0025864	All Data	13.4	1.68e-46	0, 1, 10 uM	-49.5	55.9	13.9	13.4	-48	1
Leucomalachite green	DTXSID7031531	All Data	4.63	9.09e-18	0, 1, 10 uM	-94.3	-55.1	5.38	4.75	-92.4	1
Phenothiazine	DTXSID5021126	All Data	0	1	0, 1, 10 uM	-81.9	-83.9	0	0	-79.9	1
Diphenyl phthalate	DTXSID3021778	All Data	2290	1.25e-82	0, 1, 10 uM	-25.8	163	2290	2290	-23.8	1
4-Methylbenzophenone	DTXSID9037741	All Data	60.1	1.95e-46	0, 1, 10 uM	36.4	142	180	59.6	35.1	0.28
2-Ethyl-3-hydroxy-4H-pyran-4-one	DTXSID5041516	All Data	38.9	1.62e-75	0, 1, 10 uM	-148	23.9	101	38.6	-180	1.56e-14
Pebulate	DTXSID8021199	All Data	50.1	1.38e-27	0, 1, 10 uM	60.2	122	228	49.3	60.1	0.958
Morin hydrate	DTXSID3040776	All Data	0	1	0, 1, 10 uM	5.86	3.86	0	0	7.86	1
3-Iodo-2-propynyl-N-butylcarbamate	DTXSID0028038	All Data	1760	1.31e-52	0, 1, 10 uM	-126	-6.29	696	631	-124	1
Sulfamethazine	DTXSID6021290	All Data	0	1	0, 1, 10 uM	80.1	78.1	0	0	82.1	1
4-Anilinophenol	DTXSID5037739	All Data	44.5	7.92e-49	0, 1, 10 uM	6.96	118	171	44.1	2.04	0.00734
4-Aminobenzoic acid	DTXSID6024466	All Data	0	1	0, 1, 10 uM	-86.6	-88.6	0	0	-84.6	1
3-Chloro-4-methylaniline	DTXSID0020286	All Data	22.2	1.36e-26	0, 1, 10 uM	119	178	92.8	21.9	117	0.233
Aniline hydrochloride	DTXSID3020091	All Data	4.35	2.45e-17	0, 1, 10 uM	-269	-230	1050	1050	-72.9	1
Apomorphine hydrochloride hydrate	DTXSID0048185	All Data	8.08	7.28e-06	0, 1, 10 uM	-28	-16.1	8.32	8.07	-26	1
3,5,3'-Triiodothyronine	DTXSID8023216	All Data	3.44	0.0014	0, 1, 10 uM	-81.5	-74.9	3.78	3.42	-79.5	1
Levothyroxine	DTXSID8023214	All Data	0	1	0, 1, 10 uM	-110	-112	0	0	-108	1
3,3'-Dimethoxybenzidine dihydrochloride	DTXSID1020485	All Data	4.11	2.07e-09	0, 1, 10 uM	3.11	23.1	4.34	4.17	5.01	1
Minocycline hydrochloride	DTXSID8044545	All Data	0	1	0, 1, 10 uM	-41.8	-43.8	0	0	-39.8	1
Dodecyltrimethylammonium chloride	DTXSID1026900	All Data	13.9	1.64e-29	0, 1, 10 uM	-30	36.3	14.2	14	-27.9	1
Amiodarone hydrochloride	DTXSID7037185	All Data	6.48	1	0, 10, 1 uM	175	175	6.47	6.47	177	1
Folic acid	DTXSID0022519	All Data	0	1	0, 10, 1 uM	602	600	0	0	604	1
Diclofenac sodium	DTXSID3037208	All Data	30.8	4.22e-49	0, 10, 1 uM	232	343	30	30	235	1
Bispyribac-sodium	DTXSID7034383	All Data	0	1	0, 10, 1 uM	429	427	0	0	431	1
Methotrexate	DTXSID4020822	All Data	0	1	0, 10, 1 uM	443	441	0	0	445	1
Hydramethylnon	DTXSID6023868	All Data	5.85	0.0032	0, 10, 1 uM	288	294	7.45	5.46	291	1
Chlorpromazine hydrochloride	DTXSID7024827	All Data	4.98	0.0578	0, 10, 1 uM	358	361	0	0	365	1
Mifepristone	DTXSID5023322	All Data	6.75	7.76e-22	0, 10, 1 uM	279	328	50.5	6.45	260	5.01e-09
Azathioprine	DTXSID4020119	All Data	0	1	0, 10, 1 uM	368	366	9.83	0.937	370	1
Pioglitazone hydrochloride	DTXSID3044203	All Data	9.63	8.7e-22	0, 10, 1 uM	395	443	10400	2.53	444	1
Cyclopamine	DTXSID6043709	All Data	6.31	3.52e-22	0, 10, 1 uM	225	275	6.8	6.24	227	1
Bisphenol E	DTXSID3047891	All Data	22	1.54e-36	0, 1, 10 uM	13.1	95.5	47.6	21.8	12.9	0.866
Oxyphenisatin	DTXSID5044528	All Data	5.35	1	0, 10, 1 uM	213	213	5.54	5.35	215	1
Diazinon	DTXSID9020407	All Data	15.4	1.2e-05	0, 10, 1 uM	389	401	15.5	15.4	391	1
Bromocresol green sodium salt	DTXSID3044704	All Data	0	1	0, 10, 1 uM	-210	-212	0	0	-208	1
2-Hydroxy-4-methoxybenzophenone	DTXSID3022405	All Data	35.6	3.69e-33	0, 10, 1 uM	-83.2	-8.52	38.8	35.5	-81.2	1
Lindane	DTXSID2020686	All Data	5.77	1	0, 1, 10 uM	-27.7	-27.9	8.82	5.42	-25.5	1
Diphenolic acid	DTXSID0022436	All Data	3.13	7.39e-09	0, 1, 10 uM	-257	-239	11	2.81	-260	0.0497
4,4'-Sulfonyldiphenol	DTXSID3022409	All Data	4.95	1.49e-15	0, 1, 10 uM	-120	-85.7	5.04	4.92	-118	1
2,2',6,6'-Tetrachlorobisphenol A	DTXSID3021770	All Data	27.5	5.14e-34	0, 1, 10 uM	-95.9	-19.2	31.8	27.5	-93.8	1
Sulisobenzone	DTXSID2042436	All Data	0	1	0, 10, 1 uM	-123	-125	0.549	0.521	-133	0.00019
Bisphenol F	DTXSID4022446	All Data	46.9	1.7e-46	0, 1, 10 uM	-4.08	101	70.7	46.7	-2.72	1
Tamoxifen	DTXSID1034187	All Data	2.78	0.65	0, 1, 10 uM	236	237	3.34	2.55	238	1
2,4-Dihydroxybenzophenone	DTXSID8022406	All Data	36.5	6.36e-32	0, 1, 10 uM	203	275	76.9	36.2	205	1
Tetrabromophenolphthalein ethyl ester	DTXSID5044520	All Data	2.6	5.61e-05	0, 1, 10 uM	-203	-193	3.41	2.45	-200	1
Tolcapone	DTXSID3023685	All Data	11.2	2.06e-40	0, 1, 10 uM	-144	-52.3	12.4	11.1	-143	1
3,3',5,5'-Tetrabromobisphenol A	DTXSID1026081	All Data	19.3	0.000222	0, 1, 10 uM	75.7	84.1	21.7	19.3	77.6	1
Monomethyl phthalate	DTXSID9040001	All Data	6.23	1	0, 1, 10 uM	-23.4	-23.8	9.44	6.2	-21.4	1
4,4'-(9H-Fluorene-9,9-diyl)diphenol	DTXSID5037731	All Data	30.6	1.06e-55	0, 1, 10 uM	-155	-28.2	130	30.3	-168	2.47e-06
2,4-Bis(1-methyl-1-phenylethyl)phenol	DTXSID7029241	All Data	47.7	6.71e-18	0, 10 uM	-98.8	-59.2	NA	NA	NA	NA
Bromophenol blue	DTXSID6041682	All Data	0	1	0, 10 uM	-38.3	-40.3	NA	NA	NA	NA
Norgestrel	DTXSID3036496	All Data	16.3	1.92e-20	0, 1, 10 uM	-65.9	-20.5	16.9	16.4	-63.8	1
Coumaphos	DTXSID2020347	All Data	12.6	0.31	0, 1, 10 uM	313	314	205	12.2	314	1
Pirimiphos-methyl	DTXSID0024266	All Data	44	2.34e-08	0, 1, 10 uM	340	358	95.1	43.6	342	1
2-[4-(Diethylamino)-2-hydroxybenzoyl]benzoic acid	DTXSID4027604	All Data	1.53	3.75e-14	0, 1, 10 uM	38.6	69.5	1.07	1.07	45.1	1
2,4,4'-Trihydroxybenzophenone	DTXSID8044836	All Data	19.8	4.35e-31	0, 1, 10 uM	-103	-33.3	26.1	19.7	-102	1
Phenolphthalin	DTXSID5022439	All Data	3.07	3.18e-22	0, 1, 10 uM	-164	-114	3.47	3.09	-162	1
Phenol red	DTXSID8022408	All Data	973	1	0, 1, 10 uM	99.3	96.9	980	980	101	1
2-(4-Hydroxybenzyl)phenol	DTXSID2044890	All Data	1070	2.28e-07	0, 1, 10 uM	-318	-302	1070	1070	-317	1
meso-Hexestrol	DTXSID2022381	All Data	13	0.403	0, 10, 1 uM	-139	-138	17.7	13	-137	1
MEHP	DTXSID2025680	All Data	6.56	1	0, 1, 10 uM	87.5	86.9	7.25	6.53	89.5	1
Exifone	DTXSID9044950	All Data	1030	2.76e-46	0, 1, 10 uM	-200	-95.1	1130	1130	-198	1
2,3,4-Trihydroxbenzophenone	DTXSID6037728	All Data	46.1	2.47e-68	0, 1, 10 uM	-217	-61.6	119	45.9	-231	1.42e-06
p-Xylenol blue	DTXSID8026303	All Data	0	1	0, 1, 10 uM	114	112	0	0	116	1
4,4'-(Isopropylidenebis(4,1-phenyleneoxy))dianiline	DTXSID5051650	All Data	0	1	0, 1, 10 uM	505	503	0	0	507	1
Dichlorophen	DTXSID6021824	All Data	47.6	9.68e-06	0, 1, 10 uM	271	283	47.6	47.6	273	1
Chlorotrianisene	DTXSID1021299	All Data	10.8	1	0, 1, 10 uM	347	347	0	0	351	1
3-Dimethylaminophenol	DTXSID0025101	All Data	20.5	0.0267	0, 1, 10 uM	174	177	20.5	20.5	176	1
2,2'-Methylenebis(ethyl-6-tert-butylphenol)	DTXSID7038864	All Data	4.75	1	0, 1, 10 uM	610	609	4.73	4.73	612	1
Equilin	DTXSID7047433	All Data	11.7	2.83e-10	0, 1, 10 uM	29.6	51.5	12.5	11.8	31.6	1
Triclosan	DTXSID5032498	All Data	22.2	3.09e-11	0, 1, 10 uM	54.2	78.4	23	22.3	56.2	1
Bisphenol A	DTXSID7020182	All Data	16.2	1.79e-19	0, 1, 10 uM	98.4	142	16.5	16.2	100	1
Chlorothalonil	DTXSID0020319	All Data	1040	1	0, 1, 10 uM	-210	-258	1030	1030	-208	1
Octrizole	DTXSID9027522	All Data	6.49	7.65e-11	0, 1, 10 uM	50.1	73.4	6.73	6.49	52.1	1
p,p'-DDT	DTXSID4020375	All Data	15.5	1.78e-14	0, 1, 10 uM	-47.4	-15.7	18.2	15.4	-45.2	1
17alpha-Ethinylestradiol	DTXSID5020576	All Data	13.5	2.79e-06	0, 1, 10 uM	46.6	59.4	14	13.5	48.6	1
4-Cumylphenol	DTXSID3022536	All Data	26.6	4.67e-19	0, 1, 10 uM	83	125	28	26.6	85	1
4-Hydroxytamoxifen	DTXSID3037094	All Data	17.8	9.98e-32	0, 10, 1 uM	236	308	151	17.5	228	0.000143
17beta-Trenbolone	DTXSID0034192	All Data	27.5	1.05e-46	0, 10, 1 uM	-64.1	41.8	92.3	27.2	-70.5	0.00168
5alpha-Dihydrotestosterone	DTXSID9022364	All Data	34.9	7.1e-37	0, 10, 1 uM	-68.7	14.5	139	34.5	-70.9	0.119
Profenofos	DTXSID3032464	All Data	24.8	1.16e-27	0, 10, 1 uM	62.9	125	325	24.4	56.7	0.00216
Trichlorfon	DTXSID0021389	All Data	47	2.47e-50	0, 10, 1 uM	-24.9	89.3	163	46.6	-29	0.0169
5HPP-33	DTXSID1046970	All Data	25.4	7.93e-08	0, 10, 1 uM	699	715	5700	25.4	701	1
Fenoxaprop-P-ethyl	DTXSID2034598	All Data	2150	1.01e-27	0, 10, 1 uM	120	182	2150	2150	122	1
Basic Blue 7	DTXSID5038888	All Data	3.65	8.59e-15	0, 10, 1 uM	409	441	9.29	3.52	411	1
Trinexapac-ethyl	DTXSID9032535	All Data	5.04	8.58e-39	0, 10, 1 uM	-17.4	70.2	7.55	4.84	-13.9	1
Clodinafop-propargyl	DTXSID6032354	All Data	963	5.52e-18	0, 10, 1 uM	804	844	963	963	806	1
Dipropyl pyridine-2,5-dicarboxylate	DTXSID8032544	All Data	746	4.27e-81	0, 10, 1 uM	120	305	746	746	122	1
Azamethiphos	DTXSID9034818	All Data	1650	5.74e-40	0, 10 uM	-46.3	44	NA	NA	NA	NA
4,4'-Methylenedianiline	DTXSID6022422	All Data	3.67	8.02e-09	0, 10, 1 uM	113	131	3.8	3.74	115	1
Daminozide	DTXSID9020370	All Data	2.19	3.67e-08	0, 10, 1 uM	-147	-130	2.34	2.17	-145	1
Difenoconazole	DTXSID4032372	All Data	8.1	9.51e-09	0, 10, 1 uM	266	284	71.7	7.82	264	0.161
Propiconazole	DTXSID8024280	All Data	4.54	2.76e-10	0, 10, 1 uM	199	221	5.31	4.58	200	1
Fluazifop-butyl	DTXSID3034612	All Data	509	2.61e-111	0, 10, 1 uM	366	621	754	508	368	1
Chlorpyrifos oxon	DTXSID1038666	All Data	28.3	1.15e-43	0, 10, 1 uM	43.8	143	116	27.9	37.3	0.00143
Thiram	DTXSID5021332	All Data	1830	4.78e-45	0, 10, 1 uM	-99.1	2.93	1310	1310	-97.1	1
Triflumizole	DTXSID2032500	All Data	13.7	7.06e-26	0, 10, 1 uM	104	162	78.2	13.4	99.1	0.00594
Methomyl	DTXSID1022267	All Data	3.32	6.99e-14	0, 10, 1 uM	-29.4	0.846	3.57	3.4	-27.2	1
Mevinphos	DTXSID7042481	All Data	5.32	9.55e-18	0, 10, 1 uM	57.9	97	5.61	5.27	59.5	1
Trifloxystrobin	DTXSID4032580	All Data	168	1.6e-11	0, 10, 1 uM	846	871	0	0	875	1
Carfentrazone-ethyl	DTXSID4032532	All Data	982	9e-53	0, 10, 1 uM	-261	-141	912	912	-259	1
Thiodicarb	DTXSID0032578	All Data	2230	2.69e-37	0, 10 uM	7.69	91.9	NA	NA	NA	NA
Isoxaben	DTXSID8024159	All Data	8.81	2.62e-18	0, 10, 1 uM	208	248	23.2	8.93	208	1
Fenbuconazole	DTXSID8032548	All Data	2.53	1	0, 10, 1 uM	187	176	4.34	3.94	166	3.61e-05
Asulam	DTXSID8023890	All Data	2.56	3.09e-13	0, 10, 1 uM	-128	-99.2	2.65	2.58	-126	1
Warfarin	DTXSID5023742	All Data	0	1	0, 10, 1 uM	631	629	0	0	633	1
Flumiclorac-pentyl	DTXSID2032554	All Data	392	1.72e-63	0, 10, 1 uM	-85.3	59.2	666	391	-83.4	1
Pyrithiobac-sodium	DTXSID8032673	All Data	1.27	1.39e-09	0, 10, 1 uM	163	183	1.7	1.68	163	0.74
Diquat dibromide monohydrate	DTXSID7031248	All Data	0	1	0, 10, 1 uM	166	164	0	0	168	1
Flufenpyr-ethyl	DTXSID3034618	All Data	558	1.64e-78	0, 10, 1 uM	458	637	559	558	460	1
17alpha-Estradiol	DTXSID8022377	All Data	24.3	3.88e-34	0, 10, 1 uM	-155	-77.7	32.6	24.2	-154	1
SB236057A	DTXSID5047320	All Data	2.15	0.00243	0, 10, 1 uM	233	240	2.35	2.21	235	1
Tamoxifen citrate	DTXSID8021301	All Data	5.32	2.43e-17	0, 10, 1 uM	763	801	5.5	5.34	765	1
C8-18-Alkydimethylbenzyl ammonium chlorides	DTXSID1048122	All Data	10.1	1.01e-22	0, 10, 1 uM	361	412	191	9.88	337	4.59e-11
Spirodiclofen	DTXSID6034928	All Data	31.4	5.82e-40	0, 10, 1 uM	207	297	300	31	197	5.44e-05
Monocrotophos	DTXSID9034816	All Data	0.328	0.00423	0, 10, 1 uM	44.7	50.2	1.07	1.07	36	0.000161
Fenpyroximate (Z,E)	DTXSID2032550	All Data	8.42	6.58e-07	0, 10, 1 uM	845	859	2360	8.21	852	1
Fulvestrant	DTXSID4022369	All Data	3.8	1.66e-31	0, 10, 1 uM	121	192	4.03	3.82	123	1
Denatonium saccharide	DTXSID9034361	All Data	0	1	0, 10, 1 uM	304	302	664	1.16	284	2.2e-08
Cyfluthrin	DTXSID5035957	All Data	14.4	3.15e-22	0, 10, 1 uM	-194	-144	1070	1070	-68.5	1
Propoxycarbazone-sodium	DTXSID9034864	All Data	0	1	0, 10, 1 uM	151	149	0	0	153	1
Malaoxon	DTXSID9020790	All Data	19.4	6.08e-42	0, 10, 1 uM	121	215	173	19.1	92.1	4.29e-13
Nicotine	DTXSID1020930	All Data	5.03	1.46e-07	0, 10, 1 uM	18	33.8	5.18	4.97	19.8	1
N,N,N-Trimethyl(oxiran-2-yl)methanaminium chloride	DTXSID1044643	All Data	0	1	0, 10, 1 uM	-93.7	-95.7	0	0	-91.7	1
S-Bioallethrin	DTXSID2039336	All Data	17.2	2.01e-28	0, 10, 1 uM	35.6	99.3	17.7	17.2	37.4	1
Fluthiacet-methyl	DTXSID2032556	All Data	2290	1.48e-71	0, 10, 1 uM	9.2	172	2290	2290	11.2	1
Darbufelone mesylate	DTXSID0047246	All Data	0.201	1	0, 10, 1 uM	234	233	0.981	0.706	235	1
CJ-013610	DTXSID2047272	All Data	0.678	0.903	0, 10, 1 uM	306	306	11200	0	289	3.66e-08
SSR241586	DTXSID7047354	All Data	1.54	0.127	0, 10, 1 uM	242	244	0	0	248	1
Quercetin	DTXSID4021218	All Data	41.7	7.11e-47	0, 10, 1 uM	60.6	167	42.4	41.7	62.4	1
Testosterone propionate	DTXSID9036515	All Data	364	1.8e-29	0, 10, 1 uM	390	456	779	362	392	1
17beta-Estradiol	DTXSID0020573	All Data	22.1	1.26e-40	0, 10, 1 uM	-175	-83.3	30	22.1	-177	0.116
Daidzein	DTXSID9022310	All Data	17.4	8.65e-34	0, 10, 1 uM	148	225	40.2	17.2	150	1
Norethindrone	DTXSID9023380	All Data	5.1	0.352	0, 10, 1 uM	287	288	5.18	5.1	289	1
Cyazofamid	DTXSID9034492	All Data	11.1	3.74e-09	0, 10, 1 uM	-128	-109	15.3	11	-127	1
2,5-Di-tert-butylbenzene-1,4-diol	DTXSID8041248	All Data	22.2	1.11e-18	0, 10 uM	-81.9	-40.6	NA	NA	NA	NA
Methamidophos	DTXSID6024177	All Data	0	1	0, 10, 1 uM	-188	-190	2.28	1.8	-188	1
Endothal	DTXSID7024081	All Data	0	1	0, 10, 1 uM	0.0756	-1.92	0	0	2.08	1
Picloram	DTXSID1021160	All Data	0	1	0, 10, 1 uM	149	147	0.76	0.742	151	1
Bisphenol AF	DTXSID7037717	All Data	28	1.55e-28	0, 10, 1 uM	642	706	136	27.7	643	1
4,4',4''-Ethane-1,1,1-triyltriphenol	DTXSID2037712	All Data	11.4	1.81e-22	0, 10, 1 uM	-71.3	-21.3	11.5	11.3	-69.5	1
Diethylstilbestrol	DTXSID3020465	All Data	12.5	5.86e-35	0, 10, 1 uM	-92.4	-13.6	12.5	12.4	-90.5	1
Hexachlorocyclopentadiene	DTXSID2020688	All Data	0	1	0, 10, 1 uM	-100	-102	0.756	0.743	-102	1
Estrone	DTXSID4022367	All Data	3.13	2e-06	0, 10, 1 uM	-36.4	-23.2	3.24	3.13	-34.5	1
17-Methyltestosterone	DTXSID1033664	All Data	10.4	1.26e-17	0, 10, 1 uM	339	378	10.5	10.5	341	1
Butyl benzyl phthalate	DTXSID3020205	All Data	318	2.29e-66	0, 10, 1 uM	75.7	227	318	318	77.7	1
Maleic hydrazide	DTXSID9020792	All Data	1010	1	0, 10 uM	-41.8	-62.3	NA	NA	NA	NA
Clopyralid	DTXSID9029221	All Data	3.73	3.5e-07	0, 10, 1 uM	32.3	47.1	3.75	3.62	34.1	1
Tralkoxydim	DTXSID1034973	All Data	2.62	5.42e-06	0, 10, 1 uM	201	213	3.07	2.69	203	1
Clopyralid-olamine	DTXSID6034265	All Data	0.49	1	0, 10, 1 uM	63.7	62.4	0.504	0.497	65.7	1
2-Chloro-4-phenylphenol	DTXSID0022353	All Data	3.37	1	0, 10, 1 uM	958	956	0	0	960	1
2,2',4,4'-Tetrahydroxybenzophenone	DTXSID5041306	All Data	17.4	0.000263	0, 10, 1 uM	401	410	21.3	17.4	403	1
Pyraflufen-ethyl	DTXSID8034871	All Data	27.8	0.00278	0, 10 uM	-37	-31.1	NA	NA	NA	NA
7-Hydroxy-4-trifluoromethylcoumarin	DTXSID80206109	All Data	150	1.68e-14	0, 1 uM	1530	1560	NA	NA	NA	NA
Melengestrol acetate	DTXSID5048184	All Data	11.4	2.24e-10	0, 1, 10 uM	205	227	15.6	12.9	201	0.0318
Hydroxyprogesterone caproate	DTXSID6043915	All Data	42.8	1.28e-32	0, 1, 10 uM	188	261	198	42.4	187	0.487
Theobromine	DTXSID9026132	All Data	7.26	0.0622	0, 10, 1 uM	97.3	100	7.23	7.07	99.3	1
2-Aminoanthraquinone	DTXSID6020068	All Data	13.9	1.31e-33	0, 10, 1 uM	130	206	20.5	13.9	130	0.668
Piragliatin	DTXSID3048520	All Data	6.7	2.35e-31	0, 10, 1 uM	-50.5	20.1	6.95	6.71	-48.2	1
4-Hydroxy-3-methoxybenzaldehyde	DTXSID0021969	All Data	152	1.01e-73	0, 10, 1 uM	-15	153	258	151	-15.2	0.841
Pyridoxine	DTXSID4023541	All Data	0	1	0, 10, 1 uM	77.4	75.4	0	0	79.4	1
Acetyl tributyl citrate	DTXSID2026446	All Data	249	2.67e-84	0, 10, 1 uM	61.8	254	397	248	62.7	1
Eosin	DTXSID0025234	All Data	0	1	0, 10, 1 uM	-71.8	-73.8	0	0	-69.8	1
Carabersat	DTXSID6047319	All Data	1.9	1	0, 10, 1 uM	527	526	2.3	2.3	529	1
Fenoxaprop-(2S)-ethyl	DTXSID0040755	All Data	2080	4.14e-77	0, 1, 10 uM	24.8	201	2010	2010	26.8	1
1,2,3-Benzotriazole	DTXSID6020147	All Data	0	1	0, 1, 10 uM	2.88	0.879	0	0	4.88	1
Sodium dehydroacetate	DTXSID7026029	All Data	0	1	0, 1, 10 uM	-2.39	-4.39	0	0	-0.39	1
4-Chloro-1,2-diaminobenzene	DTXSID5020283	All Data	11.4	1.38e-31	0, 1, 10 uM	140	211	22.4	11.3	136	0.0117
Corticosterone	DTXSID6022474	All Data	6.75	4.35e-34	0, 1, 10 uM	-69.2	7.65	7.05	6.81	-67.5	1
1-Dodecyl-2-pyrrolidinone	DTXSID4042206	All Data	38	6.72e-07	0, 1, 10 uM	695	710	38.5	37.2	697	1
4-Pentylanulline	DTXSID0040707	All Data	9.84	3.28e-17	0, 1, 10 uM	190	228	12.8	10.1	191	1
Methyl 2-aminobenzoate	DTXSID6025567	All Data	243	1.25e-242	0, 1, 10 uM	298	855	267	243	300	1
Indomethacin	DTXSID9020740	All Data	6.69	1.94e-06	0, 1, 10 uM	157	171	8.42	7.89	52.3	2.33e-46
Econazole nitrate	DTXSID6025226	All Data	0	1	0, 1, 10 uM	70.7	68.7	0	0	72.7	1
Trelanserin	DTXSID2047355	All Data	7.93	4.4e-29	0, 1, 10 uM	235	301	13	7.71	237	1
Caprolactam	DTXSID4020240	All Data	0.727	0.0913	0, 1, 10 uM	67.3	69.7	0	0	73.7	1
Triethylene glycol diacetate	DTXSID3026223	All Data	285	1.54e-91	0, 1, 10 uM	65.8	275	285	285	67.8	1
Diisobutyl adipate	DTXSID9036690	All Data	2010	1.46e-71	0, 1, 10 uM	53.1	216	1600	1600	55.1	1
Dipentyl phthalate	DTXSID5031131	All Data	214	7.86e-57	0, 1, 10 uM	-73.7	55.5	490	213	-72.3	1
Cytarabine hydrochloride	DTXSID5024891	All Data	10.6	2.8e-19	0, 1, 10 uM	-151	-108	14	10.6	-150	1
Allura Red C.I.16035	DTXSID4024436	All Data	0	1	0, 1, 10 uM	2.35	0.347	0	0	4.35	1
Bromocriptine mesylate	DTXSID6020197	All Data	69.5	1.72e-60	0, 1, 10 uM	-46	91.6	292	68.8	-56.5	2.79e-05
Diethylene glycol dibenzoate	DTXSID0026967	All Data	1660	3.4e-66	0, 1, 10 uM	-33.3	117	1840	1840	-31.3	1
Cariporide mesylate	DTXSID3047344	All Data	0	1	0, 1, 10 uM	-25.7	-27.7	0	0	-23.7	1
1-Benzylquinolinium chloride	DTXSID8044593	All Data	10.5	2.79e-21	0, 1, 10 uM	366	413	0	0	417	1
6-Methylquinoline	DTXSID3020887	All Data	40.1	3.18e-47	0, 1, 10 uM	-4.29	103	40.2	40.2	-2.29	1
N-Ethylaniline	DTXSID1025271	All Data	24.7	6.13e-66	0, 1, 10 uM	15.3	166	25.3	24.6	17	1
Ilepatril	DTXSID7047356	All Data	6.25	1.13e-20	0, 1, 10 uM	145	191	6.37	6.2	147	1
Enadoline	DTXSID4047258	All Data	0	1	0, 1, 10 uM	290	288	0	0	292	1
Besonprodil	DTXSID2047270	All Data	5.59	1.34e-15	0, 1, 10 uM	243	277	6.03	5.52	246	1
Elzasonan	DTXSID7047277	All Data	24.4	1.62e-36	0, 1, 10 uM	138	220	24.4	24.4	140	1
dl-Norgestrel	DTXSID3047477	All Data	3.75	0.000118	0, 1, 10 uM	95.7	105	3.81	3.75	97.7	1
Surinabant	DTXSID2047357	All Data	4.75	0.000295	0, 1, 10 uM	368	377	10700	0	377	1
Ingliforib	DTXSID4047252	All Data	2.98	7.84e-06	0, 1, 10 uM	170	181	2.98	2.98	172	1
2,6,10-Trimethyl-2,6,10-triazaundecane	DTXSID1044564	All Data	0	1	0, 1, 10 uM	159	157	0	0	161	1
Chrysin	DTXSID1022396	All Data	50	1.02e-44	0, 1, 10 uM	93.1	194	178	49.4	90.2	0.0573
Procymidone	DTXSID9033923	All Data	7.35	4.72e-24	0, 1, 10 uM	-13.5	40.2	7.43	7.34	-11.5	1
Cyproterone acetate	DTXSID5020366	All Data	3.71	3.78e-12	0, 1, 10 uM	42.5	68.8	4.05	3.86	44.5	1
5-Amino-2-methylphenol	DTXSID9024489	All Data	17	1.62e-08	0, 1, 10 uM	-80.9	-63	23.5	16.9	-79	1
Biochanin A	DTXSID1022394	All Data	31.7	9.83e-47	0, 1, 10 uM	37.3	143	216	31.2	22.3	3.09e-07
4,4'-Bipyridine	DTXSID2027200	All Data	0	1	0, 1, 10 uM	0.331	-1.67	0	0	2.33	1
Methenamine	DTXSID6020692	All Data	0	1	0, 1, 10 uM	-194	-196	0	0	-192	1
Nelivaptan	DTXSID7047358	All Data	0.777	1	0, 1, 10 uM	284	283	0.602	0.529	286	1
CP-634384	DTXSID7047306	All Data	5.15	1	0, 1, 10 uM	723	722	16.5	4.88	724	1
Propyl gallate	DTXSID5021201	All Data	43.7	3.01e-66	0, 1, 10 uM	284	435	1020	43.4	289	1
Tetracycline	DTXSID7023645	All Data	0	1	0, 1, 10 uM	91.2	89.2	0	0	93.2	1
Adriamycin hydrochloride	DTXSID3030636	All Data	0	1	0, 1, 10 uM	0.193	-1.81	0	0	2.19	1
Tolazamide	DTXSID3021358	All Data	0	1	0, 1, 10 uM	595	593	0	0	597	1
4-Hexylanilline	DTXSID5040708	All Data	125	1.7e-09	0, 1, 10 uM	317	337	203	124	318	1
C.I. Disperse Orange 37	DTXSID9044538	All Data	0	1	0, 1, 10 uM	849	847	0	0	851	1
Lauryl gallate	DTXSID0048189	All Data	0	1	0, 1, 10 uM	87.7	85.7	0	0	89.7	1
4-Hexyloxyanilline	DTXSID4022288	All Data	19.1	1.8e-10	0, 1, 10 uM	51.3	73.8	19.3	19.1	53.3	1
Secbumeton	DTXSID8037594	All Data	3.75	0.00586	0, 1, 10 uM	435	440	0	0	444	1
N,N-Dimethyldodecan-1-amine	DTXSID1026906	All Data	36.6	4.06e-26	0, 1, 10 uM	380	438	36.5	36.5	382	1
Dipropyl 2,5-pyridinedicarboxylate	DTXSID8032544	All Data	907	2.99e-40	0, 1, 10 uM	394	485	913	906	396	1
Triazophos	DTXSID9037612	All Data	2.9	1	0, 1, 10 uM	457	457	0	0	461	1
Metamitron	DTXSID7047568	All Data	0	1	0, 1, 10 uM	292	290	0	0	294	1
Ipconazole	DTXSID7034674	All Data	29	1.23e-27	0, 1, 10 uM	324	386	47.1	28.8	326	1
Hydroxyflutamide	DTXSID8033562	All Data	0	1	0, 1, 10 uM	461	459	0	0	463	1
Methyl red	DTXSID1042154	All Data	9.5	1e-14	0, 1, 10 uM	418	450	0	0	454	1
N-Benzyladenine	DTXSID7032630	All Data	0	1	0, 1, 10 uM	436	434	0	0	438	1
Monolinuron	DTXSID0037576	All Data	2.21	0.00179	0, 1, 10 uM	391	397	0.0875	0.0875	401	1
1,4-Bis(N-isopropylamino)anthraquinone	DTXSID2041250	All Data	0	1	0, 1, 10 uM	601	599	0	0	603	1
Diphenamid	DTXSID8024072	All Data	9.48	1	0, 1 uM	253	234	NA	NA	NA	NA
Deethylatrazine	DTXSID5037494	All Data	0	1	0, 1, 10 uM	503	501	0	0	505	1
Isofenphos	DTXSID8032417	All Data	42.1	1.29e-39	0, 1, 10 uM	426	516	21200	47.7	427	1
Melatonin	DTXSID1022421	All Data	0	1	0, 1, 10 uM	429	427	0	0	431	1
Picoxystrobin	DTXSID9047542	All Data	9.76	1.3e-19	0, 1, 10 uM	356	399	14200	0	402	1
Isoproturon	DTXSID1042077	All Data	0	1	0, 10 uM	236	234	NA	NA	NA	NA
Methyl 2,4-dihydroxy-3,6-dimethylbenzoate	DTXSID9041653	All Data	76.3	2.12e-70	0, 1, 10 uM	2.86	163	299	75.6	-15.4	1.22e-08
Triethylene glycol dimethyl ether	DTXSID8026224	All Data	0	1	0, 1, 10 uM	199	197	0	0	201	1
Phenobarbital sodium	DTXSID0021123	All Data	0	1	0, 1, 10 uM	-302	-304	0	0	-300	1
Bicalutamide	DTXSID2022678	All Data	0	1	0, 1, 10 uM	286	284	0	0	288	1
2-Mercaptobenzothiazole	DTXSID1020807	All Data	19.8	1.13e-09	0, 1, 10 uM	260	281	21.3	19.8	262	1
CP-671305	DTXSID6047282	All Data	5.07	0.0109	0, 1, 10 uM	111	116	5.24	5.04	113	1
Dipropyl phthalate	DTXSID5031133	All Data	822	2.65e-52	0, 1, 10 uM	191	309	849	823	193	1
2,4,6-Tris(allyloxy)-1,3,5-triazine	DTXSID8037754	All Data	6.04	5.1e-18	0, 1, 10 uM	188	228	6.59	6.02	190	1
4,4'-Methylenebis(2,6-diethylaniline)	DTXSID4048191	All Data	7.93	7.4e-07	0, 1, 10 uM	196	211	8	8	198	1
Triamterene	DTXSID6021373	All Data	0	1	0, 1, 10 uM	440	438	0	0	442	1
Loratadine	DTXSID2023224	All Data	26.6	7.5e-32	0, 1, 10 uM	183	255	26.6	26.6	185	1
Sulfathiazole	DTXSID8026068	All Data	0	1	0, 1, 10 uM	-27	-29	0	0	-25	1
Tetrahydrocurcumin	DTXSID30865801	All Data	61.2	1.95e-31	0, 1, 10 uM	85	156	157	60.6	86.5	1
(6)-Gingerol	DTXSID3041035	All Data	49	3.38e-09	0, 1, 10 uM	-90.3	-70.8	48.9	48.9	-88.3	1
Fabesetron hydrochloride	DTXSID7048168	All Data	3.03	4.12e-10	0, 1, 10 uM	-106	-84.3	3.07	3	-104	1
Phenylparaben	DTXSID4047882	All Data	1890	2.77e-108	0, 1, 10 uM	-6.96	241	1440	1440	-4.96	1
Sodium 4-nitrophenolate	DTXSID3027320	All Data	18	3.17e-48	0, 1, 10 uM	26.1	135	19.4	18.2	27.8	1
all-trans-Retinoic acid	DTXSID7021239	All Data	981	1	0, 1, 10 uM	-140	-235	944	942	-138	1
Epoxiconazole	DTXSID1040372	All Data	0	1	0, 1, 10 uM	549	547	0	0	551	1
4-Nitroaniline	DTXSID8020961	All Data	10.3	8.01e-26	0, 1, 10 uM	-48.5	9.29	10.5	10.4	-46.5	1
CP-544439	DTXSID8047266	All Data	0	1	0, 1, 10 uM	-25.6	-27.6	0	0	-23.6	1
Cymoxanil	DTXSID6032358	All Data	24.1	4.68e-22	0, 10 uM	-22.4	26.7	NA	NA	NA	NA
Tembotrione	DTXSID5047037	All Data	0	1	0, 1, 10 uM	-10.8	-12.8	0	0	-8.78	1
Zearalenone	DTXSID0021460	All Data	70.9	9.55e-47	0, 1, 10 uM	66.5	172	241	70.2	65.2	0.258
Triclopyr butotyl	DTXSID5032579	All Data	1780	2.29e-83	0, 1, 10 uM	-143	46.8	908	904	-141	1
Benzylparaben	DTXSID9022526	All Data	1800	3.86e-78	0, 1, 10 uM	-47.6	131	1960	1960	-45.6	1
Hexachlorophene	DTXSID6020690	All Data	0	1	0, 1, 10 uM	61.3	59.3	0	0	63.3	1
Bisdemethoxycurcumin	DTXSID00872663	All Data	9.09	1	0, 1, 10 uM	298	297	10.1	9.08	300	1
4-(2-Phenylpropan-2-yl)-N-[4-(2-phenylpropan-2-yl)phenyl]aniline	DTXSID0027721	All Data	0.698	1	0, 1, 10 uM	26.8	24.8	1.49	1.38	28.7	1
Nordihydroguaiaretic acid	DTXSID5022437	All Data	101	4.86e-62	0, 1, 10 uM	9.85	151	529	99.9	3.61	0.00195
Sodium tridecyl sulfate	DTXSID4042418	All Data	14.1	8.11e-10	0, 1, 10 uM	203	224	14.4	14.4	205	1
Carminic acid	DTXSID9022817	All Data	980	1	0, 1, 10 uM	-180	-210	936	932	-178	1
Naphthalen-2-yl 2-aminobenzoate	DTXSID7047697	All Data	2210	5.52e-65	0, 1, 10 uM	1.95	150	2150	2150	3.95	1
N,N,N',N'-Tetrakis(2-Hydroxypropyl)ethylenediamine	DTXSID9026689	All Data	8.69	0.369	0, 1, 10 uM	147	148	8.77	8.69	149	1
3-Methylanulline	DTXSID1026792	All Data	989	1	0, 1, 10 uM	-127	-199	952	951	-126	1
Sucrose octaacetate	DTXSID3042423	All Data	194	6.61e-87	0, 1, 10 uM	-225	-26.5	243	193	-224	1
Octabenzone	DTXSID9027441	All Data	1040	1	0, 1, 10 uM	-277	-299	1000	1000	-275	1
Clorophene	DTXSID5020154	All Data	15.3	1	0, 1, 10 uM	134	134	15.3	15.3	136	1
PharmaGSID_48510	DTXSID9048510	All Data	3.83	6.34e-27	0, 1, 10 uM	174	235	3.84	3.84	176	1
PharmaGSID_48505	DTXSID0048505	All Data	1.92	0.000646	0, 1, 10 uM	108	115	2.06	2.03	110	1
2-Methylaniline	DTXSID1026164	All Data	4.27	8.99e-08	0, 1, 10 uM	31.5	47.7	4.37	4.37	33.5	1
Michler's ketone	DTXSID2020894	All Data	18.3	1.02e-16	0, 1, 10 uM	354	391	19.1	18.3	356	1
C.I. Solvent Orange 7	DTXSID5040706	All Data	0	1	0, 1, 10 uM	12.3	10.3	0	0	14.3	1
Azobenzene	DTXSID8020123	All Data	1040	1	0, 1, 10 uM	-23.5	-25.3	1030	1020	-21.5	1
1,2-Diphenylhydrazine	DTXSID7020710	All Data	989	1	0, 1, 10 uM	88.3	86	21.3	21.3	90	1
Quizalofop-ethyl	DTXSID9023889	All Data	149	1	0, 1, 10 uM	428	428	149	149	430	1
2,4,5-Trichlorophenoxyacetic acid	DTXSID5021388	All Data	0	1	0, 1, 10 uM	-111	-113	0	0	-109	1
3,5-Dichlorosalicyl-3,4-dichloroanullide	DTXSID4040767	All Data	-2.78e-14	1	0, 1, 10 uM	393	391	0	0	395	1
Propachlor	DTXSID4024274	All Data	97.1	3.83e-08	0, 1, 10 uM	123	140	97.1	97.1	125	1
Clomipramine hydrochloride	DTXSID3042633	All Data	6.34	0.879	0, 1, 10 uM	925	926	6.33	6.33	927	1
Haloxyfop-methyl	DTXSID6024123	All Data	596	1.43e-30	0, 1, 10 uM	452	521	596	596	454	1
Benomyl	DTXSID5023900	All Data	30.9	4.67e-10	0, 1, 10 uM	342	364	31	31	344	1
Propanull	DTXSID8022111	All Data	15.1	0.000593	0, 1, 10 uM	343	351	15.1	15.1	345	1
Phosalone	DTXSID1024259	All Data	29.8	1.19e-09	0, 1, 10 uM	372	392	29.9	29.9	374	1
C.I. Solvent Red 49	DTXSID3041744	All Data	17.5	4.24e-05	0, 1, 10 uM	1080	1090	0	0	1100	1
Oxadiazon	DTXSID3024239	All Data	6.03	1	0, 1, 10 uM	305	305	6.01	6.01	307	1
Paraoxon	DTXSID6024046	All Data	3.65	1	0, 1, 10 uM	578	577	3.65	3.65	580	1
Aldoxycarb	DTXSID6023862	All Data	0	1	0, 1, 10 uM	48.4	46.4	0	0	50.4	1
Sulfotepp	DTXSID7024328	All Data	57.5	1.45e-82	0, 1, 10 uM	138	326	57.5	57.5	140	1
Amitraz	DTXSID5023871	All Data	50.1	1.08e-39	0, 1, 10 uM	97.3	187	50.2	50.2	99.3	1
Prometon	DTXSID6022341	All Data	1.63	2.72e-10	0, 1, 10 uM	445	468	1.93	1.87	447	1
2',4',5',7'-Tetrabromofluorescein	DTXSID3044590	All Data	0	1	0, 1, 10 uM	-122	-124	0	0	-120	1
Malathion	DTXSID4020791	All Data	1030	1.93e-31	0, 1, 10 uM	-180	-109	1050	1040	-178	1
p,p'-DDE	DTXSID9020374	All Data	997	1	0, 1, 10 uM	-59.4	-64.4	998	992	-57.4	1
Cotinine	DTXSID1047576	All Data	1010	1	0, 1, 10 uM	-243	-310	998	995	-241	1
Dapsone	DTXSID4020371	All Data	2.5	0.000166	0, 1, 10 uM	18.7	27.4	1.61	1.59	14.4	0.0136
PD-0333941	DTXSID2047307	All Data	2.94	2.05e-20	0, 1, 10 uM	212	257	4.32	2.8	215	1
Clofentezine	DTXSID9023881	All Data	0	1	0, 1, 10 uM	170	168	0	0	172	1
Sodium chlorite	DTXSID8021272	All Data	0	1	0, 1, 10 uM	312	310	0	0	314	1
2,4-Diaminotoluene	DTXSID4020402	All Data	5.97	1	0, 1, 10 uM	325	325	6.26	6.26	327	1
1,3-Benzenediamine	DTXSID4021137	All Data	0	1	0, 1, 10 uM	326	324	0	0	328	1
2-Chloroacetophenone	DTXSID9020293	All Data	0	1	0, 1, 10 uM	581	579	0	0	583	1
Nicotinic acid	DTXSID1020932	All Data	3.58	1.49e-07	0, 1, 10 uM	-184	-169	4.66	3.42	-181	1
2',3'-Dideoxyinosine	DTXSID6022927	All Data	0	1	0, 1, 10 uM	-191	-193	0	0	-189	1
